{
  "new_customer_button" : {
    "transaction" : "new_customer_button",
    "sampleCount" : 298,
    "errorCount" : 97,
    "errorPct" : 32.550335,
    "meanResTime" : 84985.88255033556,
    "minResTime" : 15.0,
    "maxResTime" : 360020.0,
    "pct1ResTime" : 299857.3,
    "pct2ResTime" : 299907.1,
    "pct3ResTime" : 359966.03,
    "throughput" : 0.2777658676082122,
    "receivedKBytesPerSec" : 0.5160458214063341,
    "sentKBytesPerSec" : 0.21863211844943262
  },
  "new_customer_link" : {
    "transaction" : "new_customer_link",
    "sampleCount" : 118,
    "errorCount" : 98,
    "errorPct" : 83.05085,
    "meanResTime" : 219417.5254237289,
    "minResTime" : 1467.0,
    "maxResTime" : 359983.0,
    "pct1ResTime" : 299900.7,
    "pct2ResTime" : 299985.1,
    "pct3ResTime" : 359980.53,
    "throughput" : 0.10618548444427647,
    "receivedKBytesPerSec" : 0.920995974850238,
    "sentKBytesPerSec" : 0.10732614882795523
  },
  "NEW_CUSTOMER_MAIN" : {
    "transaction" : "NEW_CUSTOMER_MAIN",
    "sampleCount" : 116,
    "errorCount" : 99,
    "errorPct" : 85.344826,
    "meanResTime" : 223900.5431034482,
    "minResTime" : 2436.0,
    "maxResTime" : 359919.0,
    "pct1ResTime" : 299903.7,
    "pct2ResTime" : 299961.4,
    "pct3ResTime" : 359915.43,
    "throughput" : 0.1031652155352585,
    "receivedKBytesPerSec" : 0.07062036979393638,
    "sentKBytesPerSec" : 0.44973586147401745
  },
  "ws_Dynamic_Invoice" : {
    "transaction" : "ws_Dynamic_Invoice",
    "sampleCount" : 187,
    "errorCount" : 10,
    "errorPct" : 5.347594,
    "meanResTime" : 130118.0588235295,
    "minResTime" : 764.0,
    "maxResTime" : 280108.0,
    "pct1ResTime" : 240276.8,
    "pct2ResTime" : 277538.6,
    "pct3ResTime" : 280060.48,
    "throughput" : 0.17471589980089863,
    "receivedKBytesPerSec" : 8.587216949439368,
    "sentKBytesPerSec" : 0.1407833070870188
  },
  "Total" : {
    "transaction" : "Total",
    "sampleCount" : 1469,
    "errorCount" : 652,
    "errorPct" : 44.383934,
    "meanResTime" : 171685.07079646006,
    "minResTime" : 15.0,
    "maxResTime" : 573388.0,
    "pct1ResTime" : 359894.0,
    "pct2ResTime" : 412570.0,
    "pct3ResTime" : 539905.3,
    "throughput" : 1.3064629450111613,
    "receivedKBytesPerSec" : 45.02273605574256,
    "sentKBytesPerSec" : 1.6647524104308036
  },
  "ws_Digital_paka" : {
    "transaction" : "ws_Digital_paka",
    "sampleCount" : 120,
    "errorCount" : 101,
    "errorPct" : 84.166664,
    "meanResTime" : 217464.2666666666,
    "minResTime" : 1660.0,
    "maxResTime" : 359954.0,
    "pct1ResTime" : 299914.5,
    "pct2ResTime" : 299987.7,
    "pct3ResTime" : 359954.0,
    "throughput" : 0.10774430122433441,
    "receivedKBytesPerSec" : 11.369388577184875,
    "sentKBytesPerSec" : 0.15088410933173393
  },
  "ws_memir_Dynamic_Invoice" : {
    "transaction" : "ws_memir_Dynamic_Invoice",
    "sampleCount" : 310,
    "errorCount" : 16,
    "errorPct" : 5.16129,
    "meanResTime" : 78304.70322580644,
    "minResTime" : 129.0,
    "maxResTime" : 280154.0,
    "pct1ResTime" : 224194.0,
    "pct2ResTime" : 279665.9,
    "pct3ResTime" : 280094.9,
    "throughput" : 0.2900204885441907,
    "receivedKBytesPerSec" : 0.2888949049949012,
    "sentKBytesPerSec" : 0.3035238366436209
  },
  "document_simple_63" : {
    "transaction" : "document_simple_63",
    "sampleCount" : 75,
    "errorCount" : 62,
    "errorPct" : 82.666664,
    "meanResTime" : 319852.13333333336,
    "minResTime" : 1338.0,
    "maxResTime" : 573353.0,
    "pct1ResTime" : 539898.2,
    "pct2ResTime" : 539920.0,
    "pct3ResTime" : 573353.0,
    "throughput" : 0.07586332463433879,
    "receivedKBytesPerSec" : 1.1181849051582002,
    "sentKBytesPerSec" : 0.08771696910845421
  },
  "document_simple_pdf_62" : {
    "transaction" : "document_simple_pdf_62",
    "sampleCount" : 85,
    "errorCount" : 56,
    "errorPct" : 65.882355,
    "meanResTime" : 304920.67058823525,
    "minResTime" : 1321.0,
    "maxResTime" : 558568.0,
    "pct1ResTime" : 441477.8,
    "pct2ResTime" : 539847.8,
    "pct3ResTime" : 558568.0,
    "throughput" : 0.07678014772500422,
    "receivedKBytesPerSec" : 13.641492855607254,
    "sentKBytesPerSec" : 0.08840214274197264
  },
  "document_simple_62" : {
    "transaction" : "document_simple_62",
    "sampleCount" : 74,
    "errorCount" : 61,
    "errorPct" : 82.432434,
    "meanResTime" : 326477.4054054053,
    "minResTime" : 2639.0,
    "maxResTime" : 573388.0,
    "pct1ResTime" : 539894.0,
    "pct2ResTime" : 539930.0,
    "pct3ResTime" : 573388.0,
    "throughput" : 0.06893031331621875,
    "receivedKBytesPerSec" : 0.6833848923150152,
    "sentKBytesPerSec" : 0.07956604525368219
  },
  "document_simple_pdf_63" : {
    "transaction" : "document_simple_pdf_63",
    "sampleCount" : 86,
    "errorCount" : 52,
    "errorPct" : 60.465115,
    "meanResTime" : 305198.8720930232,
    "minResTime" : 1938.0,
    "maxResTime" : 557760.0,
    "pct1ResTime" : 436422.0,
    "pct2ResTime" : 465172.54999999976,
    "pct3ResTime" : 557760.0,
    "throughput" : 0.07775395934914511,
    "receivedKBytesPerSec" : 8.918269831158632,
    "sentKBytesPerSec" : 0.08967522069466832
  }
}