{
  "02. Projects" : {
    "transaction" : "02. Projects",
    "sampleCount" : 2500,
    "errorCount" : 10,
    "errorPct" : 0.4,
    "meanResTime" : 8973.447999999993,
    "medianResTime" : 9354.5,
    "minResTime" : 155.0,
    "maxResTime" : 30104.0,
    "pct1ResTime" : 14477.000000000004,
    "pct2ResTime" : 17070.29999999999,
    "pct3ResTime" : 25714.659999999993,
    "throughput" : 3.230429091435357,
    "receivedKBytesPerSec" : 20.73083703405906,
    "sentKBytesPerSec" : 0.4227319318870487
  },
  "04. CV" : {
    "transaction" : "04. CV",
    "sampleCount" : 2500,
    "errorCount" : 0,
    "errorPct" : 0.0,
    "meanResTime" : 5349.074800000004,
    "medianResTime" : 5993.0,
    "minResTime" : 90.0,
    "maxResTime" : 10669.0,
    "pct1ResTime" : 9218.6,
    "pct2ResTime" : 9506.8,
    "pct3ResTime" : 10186.809999999996,
    "throughput" : 3.228922882989001,
    "receivedKBytesPerSec" : 15.271159242646451,
    "sentKBytesPerSec" : 0.40361536037362516
  },
  "01.01 /home" : {
    "transaction" : "01.01 /home",
    "sampleCount" : 2500,
    "errorCount" : 0,
    "errorPct" : 0.0,
    "meanResTime" : 4950.223600000005,
    "medianResTime" : 5844.0,
    "minResTime" : 94.0,
    "maxResTime" : 10888.0,
    "pct1ResTime" : 8533.800000000001,
    "pct2ResTime" : 9396.9,
    "pct3ResTime" : 10121.899999999998,
    "throughput" : 3.2393909944930352,
    "receivedKBytesPerSec" : 58.7266156462585,
    "sentKBytesPerSec" : 0.3985969387755102
  },
  "03. About" : {
    "transaction" : "03. About",
    "sampleCount" : 2500,
    "errorCount" : 5,
    "errorPct" : 0.2,
    "meanResTime" : 5136.051599999996,
    "medianResTime" : 5781.5,
    "minResTime" : 0.0,
    "maxResTime" : 11228.0,
    "pct1ResTime" : 9110.300000000001,
    "pct2ResTime" : 9483.349999999999,
    "pct3ResTime" : 10872.96,
    "throughput" : 3.229986679534934,
    "receivedKBytesPerSec" : 23.93150753693167,
    "sentKBytesPerSec" : 0.41238476416898256
  },
  "Total" : {
    "transaction" : "Total",
    "sampleCount" : 10000,
    "errorCount" : 15,
    "errorPct" : 0.15,
    "meanResTime" : 6102.199399999998,
    "medianResTime" : 6564.5,
    "minResTime" : 0.0,
    "maxResTime" : 30104.0,
    "pct1ResTime" : 10224.499999999998,
    "pct2ResTime" : 11417.899999999998,
    "pct3ResTime" : 17789.739999999994,
    "throughput" : 12.894457575300407,
    "receivedKBytesPerSec" : 118.25805478484307,
    "sentKBytesPerSec" : 1.6330188314687948
  },
  "04.01 /cv" : {
    "transaction" : "04.01 /cv",
    "sampleCount" : 2500,
    "errorCount" : 0,
    "errorPct" : 0.0,
    "meanResTime" : 5349.074800000004,
    "medianResTime" : 5993.0,
    "minResTime" : 90.0,
    "maxResTime" : 10669.0,
    "pct1ResTime" : 9218.6,
    "pct2ResTime" : 9506.8,
    "pct3ResTime" : 10186.809999999996,
    "throughput" : 3.228922882989001,
    "receivedKBytesPerSec" : 15.271159242646451,
    "sentKBytesPerSec" : 0.40361536037362516
  },
  "02.01 /projects" : {
    "transaction" : "02.01 /projects",
    "sampleCount" : 2500,
    "errorCount" : 10,
    "errorPct" : 0.4,
    "meanResTime" : 8973.44799999999,
    "medianResTime" : 9354.5,
    "minResTime" : 155.0,
    "maxResTime" : 30104.0,
    "pct1ResTime" : 14477.000000000004,
    "pct2ResTime" : 17070.29999999999,
    "pct3ResTime" : 25714.659999999993,
    "throughput" : 3.230429091435357,
    "receivedKBytesPerSec" : 20.73083703405906,
    "sentKBytesPerSec" : 0.4227319318870487
  },
  "01. Home" : {
    "transaction" : "01. Home",
    "sampleCount" : 2500,
    "errorCount" : 0,
    "errorPct" : 0.0,
    "meanResTime" : 4950.223600000005,
    "medianResTime" : 5844.0,
    "minResTime" : 94.0,
    "maxResTime" : 10888.0,
    "pct1ResTime" : 8533.800000000001,
    "pct2ResTime" : 9396.9,
    "pct3ResTime" : 10121.899999999998,
    "throughput" : 3.238962909987925,
    "receivedKBytesPerSec" : 58.71885494239829,
    "sentKBytesPerSec" : 0.3985442643149205
  },
  "03.01 /about" : {
    "transaction" : "03.01 /about",
    "sampleCount" : 2500,
    "errorCount" : 5,
    "errorPct" : 0.2,
    "meanResTime" : 5136.051200000003,
    "medianResTime" : 5781.5,
    "minResTime" : 0.0,
    "maxResTime" : 11228.0,
    "pct1ResTime" : 9110.300000000001,
    "pct2ResTime" : 9483.349999999999,
    "pct3ResTime" : 10872.96,
    "throughput" : 3.2299825064147454,
    "receivedKBytesPerSec" : 23.931476617591386,
    "sentKBytesPerSec" : 0.41238423137075286
  }
}